id,username,email,password,score,avatar,phone,gender
27,Abram,ahabertq@simplemachines.org,NmJ7Hd1a,22,https://robohash.org/accusantiumdoloribusporro.png?size=250x250&set=set1,975 961 7811,Male
49,Adelina,agoodhew1c@sbwire.com,hVtd39kHvR1a,13,https://robohash.org/utrerumenim.png?size=250x250&set=set1,316 763 1367,Female
40,Alan,apersence13@google.com,5yq1PVsfHKcB1a,1,https://robohash.org/minimamolestiasquaerat.png?size=250x250&set=set1,423 503 4183,Male
80,Alick,alintall27@miitbeian.gov.cn,OhkbDAKhUd871a,23,https://robohash.org/evenietdictaquisquam.png?size=250x250&set=set1,401 579 5687,Male
42,Alister,ahalbord15@reverbnation.com,P1STFx1a,48,https://robohash.org/quiutnisi.png?size=250x250&set=set1,890 476 7159,Male
88,Alva,azanotti2f@wufoo.com,UGQD6fOCH1bz1a,4,https://robohash.org/doloremquesedmolestiae.png?size=250x250&set=set1,501 863 9696,Male
18,Amandi,aotteyh@discuz.net,yI5YqIPZ1a,39,https://robohash.org/utetvoluptas.png?size=250x250&set=set1,864 697 5925,Female
41,Ansell,adambrogio14@wikia.com,krFACmP7t3s1a,2,https://robohash.org/aliquidvoluptatemdolorem.png?size=250x250&set=set1,437 521 8659,Male
93,Ardelle,athame2k@ifeng.com,BP3qHddq1a,24,https://robohash.org/omnisutquidem.png?size=250x250&set=set1,839 481 2763,Female
31,Arley,awichardu@miitbeian.gov.cn,ZIQdpQ7Lc1a,24,https://robohash.org/quiateneturdeserunt.png?size=250x250&set=set1,218 365 5467,Male
45,Arline,adormand18@oakley.com,p9RXpgpwaISU1a,28,https://robohash.org/molestiaeeosaccusamus.png?size=250x250&set=set1,169 704 7520,Female
9,Bernita,bcockerham8@sciencedirect.com,q4RAvNh1Cr1a,7,https://robohash.org/temporaenimquisquam.png?size=250x250&set=set1,752 878 1811,Female
95,Bill,bwindless2m@usda.gov,Ckf4Kd51a,8,https://robohash.org/sitdeseruntiure.png?size=250x250&set=set1,445 521 5978,Male
20,Bronny,bbeningfieldj@blinklist.com,e1vuksmZ41a,24,https://robohash.org/magnirationeeum.png?size=250x250&set=set1,735 299 1724,Male
90,Brynne,btaffie2h@youtube.com,fWDoRaf1a,2,https://robohash.org/enimanimiquo.png?size=250x250&set=set1,688 171 3732,Female
53,Byrle,bdacth1g@w3.org,4yQaV9BJ1a,45,https://robohash.org/autnatusquae.png?size=250x250&set=set1,946 376 5280,Male
98,Cal,cmugglestone2p@trellian.com,Adl0XM1a,33,https://robohash.org/esseexcepturiut.png?size=250x250&set=set1,363 514 8084,Male
13,Candra,crouthamc@google.it,qIpN3ZPDl1a,35,https://robohash.org/utquosut.png?size=250x250&set=set1,531 114 2500,Female
61,Charlotte,ccatteroll1o@gnu.org,WVO5teL1a,28,https://robohash.org/eligendiculpalabore.png?size=250x250&set=set1,528 171 4511,Female
83,Chiquia,ccrowne2a@infoseek.co.jp,Lu3plOivzggd1a,3,https://robohash.org/illumvoluptassapiente.png?size=250x250&set=set1,296 968 4582,Female
57,Chrissie,cjorck1k@discuz.net,kn9GtodwGDr1a,20,https://robohash.org/idfacereut.png?size=250x250&set=set1,351 420 5861,Female
69,Cirillo,cpaddie1w@networksolutions.com,Ympw871a,44,https://robohash.org/adtotammaxime.png?size=250x250&set=set1,407 599 1898,Male
66,Currie,cwakenshaw1t@usa.gov,tdYN7LkZ1a,49,https://robohash.org/praesentiumquisquamimpedit.png?size=250x250&set=set1,466 684 8443,Male
76,Dania,ddanit23@rediff.com,vs2RctGBi3yA1a,16,https://robohash.org/accusantiumetassumenda.png?size=250x250&set=set1,721 869 0248,Female
30,Darb,dkeysert@twitpic.com,11ufb79aoB1a,43,https://robohash.org/velanimiiste.png?size=250x250&set=set1,208 945 6361,Male
43,Deanne,dseller16@t.co,JgqTbG5z1a,36,https://robohash.org/remnonconsequatur.png?size=250x250&set=set1,912 516 0645,Female
7,Dorine,dnowill6@livejournal.com,FVrkiBzLViVB1a,28,https://robohash.org/cupiditatequaeratex.png?size=250x250&set=set1,773 777 0019,Female
92,Dosi,dpicford2j@reuters.com,RyF1MlFlDcpL1a,1,https://robohash.org/quieoset.png?size=250x250&set=set1,955 425 0496,Female
3,Dru,dstquentin2@vkontakte.ru,XcTJofca1a,43,https://robohash.org/nemolaboredolores.png?size=250x250&set=set1,987 387 4471,Male
15,Drusilla,dspinleye@umn.edu,sWIE80IQq1a,15,https://robohash.org/remminimamolestias.png?size=250x250&set=set1,624 692 5118,Female
17,Elfrieda,efetherbyg@desdev.cn,h5htPYGlx1a,6,https://robohash.org/nobisquossed.png?size=250x250&set=set1,646 241 3287,Female
14,Elysee,ecoryd@pagesperso-orange.fr,hCWqXkzxG1a,35,https://robohash.org/eumvoluptatibusiste.png?size=250x250&set=set1,320 691 8862,Female
75,Engelbert,ekilvington22@cornell.edu,Z628147gAH1a,46,https://robohash.org/possimusatqueab.png?size=250x250&set=set1,545 758 7484,Male
73,Ermanno,eraith20@tinyurl.com,G9QxKn4yK1a,34,https://robohash.org/minimasimiliqueipsum.png?size=250x250&set=set1,794 544 2897,Male
46,Evie,ehewins19@tinypic.com,19l9MB1a,4,https://robohash.org/quisquambeataemolestiae.png?size=250x250&set=set1,141 657 7290,Female
10,Felice,fbeggs9@wp.com,1741US1a,2,https://robohash.org/utautemrecusandae.png?size=250x250&set=set1,629 986 3840,Male
47,Ferne,friditch1a@army.mil,Xy7JySOD1a,23,https://robohash.org/fugaaperiamnon.png?size=250x250&set=set1,465 432 8002,Female
97,Flin,fdurnford2o@livejournal.com,gYkkWWASH1a,4,https://robohash.org/similiqueverodistinctio.png?size=250x250&set=set1,481 849 5884,Male
16,Gardie,gmossopf@upenn.edu,wJ0OPsq7M41a,24,https://robohash.org/teneturesseexplicabo.png?size=250x250&set=set1,759 841 3813,Male
4,Glyn,gsedgemore3@forbes.com,FY0aWtr1a,10,https://robohash.org/repellatmollitiaveniam.png?size=250x250&set=set1,906 348 8728,Male
100,Gran,gsickert2r@netlog.com,bejRWISgMPc1a,33,https://robohash.org/quidemcorporisautem.png?size=250x250&set=set1,560 249 4628,Male
71,Greggory,garkle1y@apple.com,JuO61CF53vp1a,49,https://robohash.org/undeaccusamusperspiciatis.png?size=250x250&set=set1,533 930 9157,Male
8,Hasheem,hcollin7@a8.net,EAvk79wnC1a,20,https://robohash.org/corporistemporedolorum.png?size=250x250&set=set1,395 346 5851,Male
64,Heather,hbatteson1r@businesswire.com,5qtHmUYoA1a,48,https://robohash.org/quodoloresqui.png?size=250x250&set=set1,424 909 5968,Female
21,Hector,hgafferk@phoca.cz,uWdtc2BtK3C1a,25,https://robohash.org/facilisquisquamcorporis.png?size=250x250&set=set1,534 708 3720,Male
81,Hewet,hnare28@about.com,w5feFqC51a,17,https://robohash.org/etasperioresfugit.png?size=250x250&set=set1,782 968 5264,Male
84,Hildegarde,hverden2b@rakuten.co.jp,bbeSAkyuD1a,20,https://robohash.org/dignissimosnumquamillum.png?size=250x250&set=set1,682 157 3652,Female
74,Jackie,jhowells21@feedburner.com,RbCnm9XUySF11a,19,https://robohash.org/laboriosamquodquia.png?size=250x250&set=set1,441 764 2047,Female
33,Jerry,jgergherw@smugmug.com,XEibLLmgoEsT1a,27,https://robohash.org/dolorumsedaut.png?size=250x250&set=set1,120 889 8087,Female
25,Jess,jcossamo@hatena.ne.jp,OHFv4dRg71a,34,https://robohash.org/sapientemolestiaeodio.png?size=250x250&set=set1,343 727 1983,Male
59,Karil,krubenchik1m@adobe.com,uggZsHjgo1a,25,https://robohash.org/fugiatillumrepudiandae.png?size=250x250&set=set1,591 231 2723,Female
32,Kellen,kphilbrookv@msu.edu,jcI3MDv9sbw1a,30,https://robohash.org/rerumquaeratnesciunt.png?size=250x250&set=set1,932 615 8307,Female
38,Kendall,kalywen11@naver.com,6Mo8XH8ugmm1a,48,https://robohash.org/illonecessitatibusnostrum.png?size=250x250&set=set1,442 251 1773,Male
26,Kyle,kdyballp@google.com.au,TJJfPI1a,11,https://robohash.org/utsedlabore.png?size=250x250&set=set1,211 117 4413,Male
50,Lauren,lorneles1d@arstechnica.com,377Igf1a,23,https://robohash.org/dolorumexcepturivitae.png?size=250x250&set=set1,216 177 7622,Female
6,Leilah,lpendleton5@tuttocitta.it,gFiARgbqG1a,14,https://robohash.org/veliteasaepe.png?size=250x250&set=set1,848 286 0458,Female
34,Lyndy,ldavidoviczx@free.fr,tfDsM771a,4,https://robohash.org/dolorumrecusandaebeatae.png?size=250x250&set=set1,484 821 3155,Female
86,Lynnell,lbrayfield2d@npr.org,LI7ulwvvDc1a,49,https://robohash.org/cumqueasperioresplaceat.png?size=250x250&set=set1,753 275 3250,Female
63,Mallorie,mbuffy1q@biglobe.ne.jp,nKVhQM1a,24,https://robohash.org/placeatrepellatanimi.png?size=250x250&set=set1,898 673 8509,Female
99,Mallory,mdruett2q@examiner.com,pLEonXNc8MP1a,10,https://robohash.org/earumrepellatvoluptates.png?size=250x250&set=set1,209 840 5527,Female
29,Marc,mlyptrades@mit.edu,hpIsLgtGPD1a,6,https://robohash.org/hicnostrumrepudiandae.png?size=250x250&set=set1,548 595 9281,Male
12,Marcela,mmcarteb@utexas.edu,CrZ9TgL8RD1a,32,https://robohash.org/etveritatisdignissimos.png?size=250x250&set=set1,452 839 2832,Female
51,Martino,mcurling1e@scientificamerican.com,vqmQ7MB1a,24,https://robohash.org/evenietasperioresrepellat.png?size=250x250&set=set1,815 508 1946,Male
77,Marybelle,momannion24@163.com,Bvm3TV1a,35,https://robohash.org/nesciuntminuslaudantium.png?size=250x250&set=set1,134 580 5425,Female
68,Mathew,mkochel1v@cmu.edu,T91Mdl9WN9L41a,38,https://robohash.org/atmolestiasomnis.png?size=250x250&set=set1,349 402 0984,Male
56,Maximilian,mlafaye1j@so-net.ne.jp,HCTGPDoz11a,31,https://robohash.org/officiamodilaboriosam.png?size=250x250&set=set1,674 827 8218,Male
58,Melinde,mmeneely1l@flavors.me,w6HOuYo3hF1a,6,https://robohash.org/blanditiissapientevoluptatem.png?size=250x250&set=set1,531 462 7066,Female
70,Melisandra,muppett1x@hubpages.com,b7Xpy8G5Wq1a,5,https://robohash.org/rerumomnisnon.png?size=250x250&set=set1,205 757 6539,Female
67,Minnaminnie,mlerwill1u@bing.com,mcGgdMp8khao1a,16,https://robohash.org/maioresquidolore.png?size=250x250&set=set1,438 409 6703,Female
28,Mirabelle,mmuntr@tuttocitta.it,Bepuvp8ksZ0I1a,25,https://robohash.org/etetex.png?size=250x250&set=set1,693 405 3334,Female
2,Noel,nvondrak1@quantcast.com,MTvTTg1a,3,https://robohash.org/impeditodionihil.png?size=250x250&set=set1,999 689 7932,Male
36,Northrup,nrumbelowz@surveymonkey.com,JQCMB4q1a,2,https://robohash.org/voluptasconsequunturquia.png?size=250x250&set=set1,732 623 1020,Male
72,Ophelie,ojaqueme1z@linkedin.com,cKQPmRMw0W1a,17,https://robohash.org/illumlaboriosamsed.png?size=250x250&set=set1,452 530 3506,Female
87,Orelia,ocrimin2e@ezinearticles.com,M1xZcb1a,28,https://robohash.org/quiaetsint.png?size=250x250&set=set1,965 729 2255,Female
22,Phylis,pbalesl@noaa.gov,NTj0PD7o1a,17,https://robohash.org/sedreprehenderitfugit.png?size=250x250&set=set1,444 407 8866,Female
55,Powell,paslie1i@networkadvertising.org,lztlapz1a,22,https://robohash.org/numquamvoluptatemvoluptatibus.png?size=250x250&set=set1,455 325 9914,Male
60,Prinz,pmaydwell1n@privacy.gov.au,xqhVMYpO1a,47,https://robohash.org/maximeeosexpedita.png?size=250x250&set=set1,939 227 4580,Male
39,Rae,reaken12@google.nl,LltRfXv1a,32,https://robohash.org/laudantiumvoluptasperspiciatis.png?size=250x250&set=set1,112 600 5343,Female
23,Randene,ressebym@oracle.com,yeFp1GbYU1a,41,https://robohash.org/minimarepellendustotam.png?size=250x250&set=set1,860 379 6841,Female
35,Reynold,rdukelowy@ibm.com,gvoIo7YmP1a,14,https://robohash.org/fugavoluptatemautem.png?size=250x250&set=set1,180 785 0793,Male
11,Rica,rdurya@rediff.com,hOzuwd1a,12,https://robohash.org/adipisciindistinctio.png?size=250x250&set=set1,750 645 5982,Female
96,Roderic,rluddy2n@yale.edu,1nnAyOM1a,39,https://robohash.org/omnisquoquas.png?size=250x250&set=set1,102 215 5070,Male
24,Rolfe,rrudkinn@google.nl,GbEuPGVfWyf1a,11,https://robohash.org/veniamconsequaturad.png?size=250x250&set=set1,327 818 8035,Male
82,Rosamund,rgaywood29@arizona.edu,XbNly7bOX1a,28,https://robohash.org/pariaturdeseruntsit.png?size=250x250&set=set1,757 877 7717,Female
5,Ruby,rmonckman4@amazon.de,dtxPn3huS1a,13,https://robohash.org/repudiandaereiciendiseum.png?size=250x250&set=set1,527 886 1301,Male
85,Rusty,rcaldwell2c@cbslocal.com,W5lbjvhKKssO1a,5,https://robohash.org/nonettotam.png?size=250x250&set=set1,468 382 4615,Male
37,Sascha,sspringell10@earthlink.net,cujUC91a,33,https://robohash.org/sequivelitquo.png?size=250x250&set=set1,993 345 6577,Male
48,Skipper,sramsier1b@apple.com,M1kbOuV061a,35,https://robohash.org/voluptatemaliquamaliquid.png?size=250x250&set=set1,446 269 1170,Male
1,Standford,stewkesbury0@ucoz.ru,Jg6iTSXq1a,21,https://robohash.org/iurenihiliusto.png?size=250x250&set=set1,247 897 7396,Male
94,Stephannie,sdevere2l@squidoo.com,Z7uweDYj1a,14,https://robohash.org/mollitiaconsequaturmagni.png?size=250x250&set=set1,893 978 2580,Female
79,Susy,smetschke26@state.gov,JiYprkR1a,7,https://robohash.org/earumquiaquos.png?size=250x250&set=set1,241 532 7863,Female
19,Thaxter,tlorraini@feedburner.com,n4XJZq1a,5,https://robohash.org/odioeaqueet.png?size=250x250&set=set1,849 548 8731,Male
44,Thurston,twriter17@shop-pro.jp,AYQpQwg1a,43,https://robohash.org/quidolorsit.png?size=250x250&set=set1,428 221 1925,Male
54,Vanny,vjina1h@comcast.net,9kbknbcazG1a,8,https://robohash.org/illumfaciliset.png?size=250x250&set=set1,201 256 6720,Female
89,Vinnie,vfranzen2g@prnewswire.com,xJSgbv91a,43,https://robohash.org/doloresquosfuga.png?size=250x250&set=set1,911 726 6728,Female
62,Violante,vshakespear1p@gravatar.com,irEjL7d7dYD1a,34,https://robohash.org/accusantiumrepellenduset.png?size=250x250&set=set1,578 780 0939,Female
65,Willi,wcoit1s@google.fr,LKVkiuMUhtU1a,32,https://robohash.org/utnamdebitis.png?size=250x250&set=set1,825 487 0917,Female
78,Zachery,zpetruk25@go.com,wRorMDGyf1a,40,https://robohash.org/estesseerror.png?size=250x250&set=set1,536 447 0152,Male
